{
  "project_info": {
    "project_number": "486052271559",
    "firebase_url": "https://pizza-ordering-7a223-default-rtdb.firebaseio.com",
    "project_id": "pizza-ordering-7a223",
    "storage_bucket": "pizza-ordering-7a223.appspot.com"
  },
  "client": [
    {
      "client_info": {
        "mobilesdk_app_id": "1:486052271559:android:8ae3b3d7c2aafccc2175e2",
        "android_client_info": {
          "package_name": "com.example.pizza"
        }
      },
      "oauth_client": [],
      "api_key": [
        {
          "current_key": "AIzaSyAnHaStqsgK78QBfFh4vp7LA1r49Qlqx1U"
        }
      ],
      "services": {
        "appinvite_service": {
          "other_platform_oauth_client": []
        }
      }
    },
    {
      "client_info": {
        "mobilesdk_app_id": "1:486052271559:android:8ed78a6c25a5062b2175e2",
        "android_client_info": {
          "package_name": "com.example.pizza_ordering"
        }
      },
      "oauth_client": [],
      "api_key": [
        {
          "current_key": "AIzaSyAnHaStqsgK78QBfFh4vp7LA1r49Qlqx1U"
        }
      ],
      "services": {
        "appinvite_service": {
          "other_platform_oauth_client": []
        }
      }
    },
    {
      "client_info": {
        "mobilesdk_app_id": "1:486052271559:android:8b87359b17f7bd412175e2",
        "android_client_info": {
          "package_name": "com.example.pizzaorder"
        }
      },
      "oauth_client": [],
      "api_key": [
        {
          "current_key": "AIzaSyAnHaStqsgK78QBfFh4vp7LA1r49Qlqx1U"
        }
      ],
      "services": {
        "appinvite_service": {
          "other_platform_oauth_client": []
        }
      }
    }
  ],
  "configuration_version": "1"
}